Chromosome,Start,End,Z-DNA Score,Sequence
Z21,1.0,31.0,118.5,CGATTACGCGCGCGCGTATATACGCGCGCGT
Z22,1.0,32.0,160.75,CGATGCGCGCGCGTGTGCGCGCGTGCGCGCGC
Z26,0.0,16.0,59.5,GCGCGTGCATATGCGTG
Z27,1.0,24.0,63.75,ACGCGGGGCGCGTGCATATGCGTG
Z28,0.0,19.0,88.5,ACGCGCGCGCGCCCGTCGCG
ZMYC2.5,0.0,35.0,107.0,GTACGCGCGTGGCGTGGCGGTGGGCGCGCAGTGCGT
ZMYC3,3.0,22.0,90.0,GCGCGCACTGCGCGCTGCGC
CG5,0.0,9.0,63.0,CGCGCGCGCG
GT30,0.0,51.0,63.75,GTGTGTGTGTGTGTGTGTGTGTGTGTGTGTGTGTGTGTGTGTGTGTGTGTGT
CG14,0.0,27.0,189.0,CGCGCGCGCGCGCGCGCGCGCGCGCGCG
GT14_non,,,,
GT20_non,,,,
AT14_non,,,,
Z25_non,,,,
ZMYC1_non,,,,
ZMYC2_non,,,,
